
{
  "sun"     : [1988500E24,   -2.643955567775024E-05,  7.206301815529944E-03,  -7.570577909410747E-05,   -7.543428350030606E-06, 2.738617906345255E-06,  1.884091769386408E-07],

  "mercury" : [3.302e23,      -3.863052327588594E-01, -1.594584120970144E-01,   2.174208719911548E-02,         5.324078259585789E-03, -2.460942705277297E-02, -2.500071114907329E-03],

  "venus"   : [48.685e23, 7.082576998965656E-01, -1.523123473503861E-01, -4.313638549954496E-02, 4.334584664174556E-03, 1.964399934714017E-02, 1.906421326007079E-05],

  "earth"   : [5.97219e24, 9.989390030366930E-01, 8.700559927905224E-02, 8.040596382653773E-05, -1.653221975216045E-03, 1.708255648263313E-02, -6.281594775971274E-07],

  "mars"    : [6.4171e23, 1.324644253396935E+00, -3.859744891390031E-01, -4.081901629428379E-02, 4.507738730038085E-03, 1.461377190950819E-02, 1.955556368866889E-04],

  "jupiter" : [1898.13e24, -2.763240503102782E+00, -4.603806195040173E+00, 8.090378580745546E-02, 6.380499536483965E-03, -3.524121154496226E-03, -1.281022434779889E-04],

  "saturn"  : [5.6834e26, 1.465820611029091E+00, -9.948294444670530E+00, 1.146258240312898E-01, 5.211622299504565E-03, 7.959470300063146E-04, -2.215121664946446E-04],

  "uranus"  : [86.813e24, 1.720795104503220E+01, 9.946162130869451E+00, -1.859911901193939E-01, -1.997175423616845E-03, 3.221897550220046E-03, 3.779288958439035E-05],

  "neptune" : [102.413e24, 2.890763514234018E+01, -7.771352810076806E+00, -5.061690120000117E-01, 7.945449990366029E-04, 3.050231281998953E-03, -8.139640896603964E-05],

  "pluto"   : [1.307e22, 1.159564775113451E+01, -3.158190048104517E+01, 2.530256003129865E-02, 3.010543326330768E-03, 4.232502986703539E-04, -9.043777798277226E-04],





  "moon"    : [7.349e22, 1.000933465027751E+00, 8.861475776921385E-02, -3.068252138489121E-04, -2.040972289460515E-03, 1.752886250400851E-02, 6.087969225421061E-06],

  "io"      : [893.3e20, -2.761150908548218E+00, -4.605691673424032E+00, 8.086507859291418E-02, 1.306987266954671E-02, 3.939440725659753E-03, 2.362217522872763E-04],

  "europa"  : [479.7e20, -2.758759947354720E+00, -4.604391747226180E+00, 8.096774593458116E-02, 7.437072159277676E-03, 4.275275477601177E-03, 2.218447936204289E-04],



  "halley"  : [2.2e14, -2.039600744750254E+01, 2.630761925296315E+01, -9.947026999828815E+00, 1.515092406166722E-04, 6.662525611569535E-04, -6.890495385542240E-05]
}
